{
  "name": "QS-60-ARM-HS",
  "vendorId": "0x514B",
  "productId": "0x60AH",
  "lighting": "none",
  "matrix": {
    "rows": 5,
    "cols": 14
  },
  "layouts": {
    "labels": [
      "Split Backspace"
    ],
    "keymap": [
      [
        "0,0",
        "0,1",
        "0,2",
        "0,3",
        "0,4",
        "0,5",
        "0,6",
        "0,7",
        "0,8",
        "0,9",
        "0,10",
        "0,11",
        "0,12",
        {
          "w": 2
        },
        "0,13\n\n\n0,0",
        {
          "x": 0.25
        },
        "0,13\n\n\n0,1",
        "1,13\n\n\n0,1"
      ],
      [
        {
          "w": 1.5
        },
        "1,0",
        "1,1",
        "1,2",
        "1,3",
        "1,4",
        "1,5",
        "1,6",
        "1,7",
        "1,8",
        "1,9",
        "1,10",
        "1,11",
        "1,12",
        {
          "w": 1.5
        },
        "2,12"
      ],
      [
        {
          "w": 1.25,
          "w2": 1.75,
          "l": true
        },
        "2,0",
        {
          "x": 0.5
        },
        "2,1",
        "2,2",
        "2,3",
        "2,4",
        "2,5",
        "2,6",
        "2,7",
        "2,8",
        "2,9",
        "2,10",
        "2,11",
        {
          "w": 2.25
        },
        "2,13"
      ],
      [
        {
          "w": 2.25
        },
        "3,0",
        "3,2",
        "3,3",
        "3,4",
        "3,5",
        "3,6",
        "3,7",
        "3,8",
        "3,9",
        "3,10",
        "3,11",
        {
          "w": 1.75
        },
        "3,12",
        "3,13"
      ],
      [
        {
          "w": 1.5
        },
        "4,0",
        "4,1",
        {
          "w": 1.5
        },
        "4,2",
        {
          "w": 7
        },
        "4,7",
        {
          "w": 1.5
        },
        "4,11",
        "4,12",
        {
          "w": 1.5
        },
        "4,13"
      ]
    ]
  }
}