{
    "manufacturer": "Brandon Beltran",
    "keyboard_name": "AliceQ",
    "maintainer": "Armastardo",
    "bootloader": "atmel-dfu",
    "diode_direction": "COL2ROW",
    "features": {
        "bootmagic": true,
        "command": false,
        "console": false,
        "extrakey": true,
        "mousekey": true,
        "nkro": true
    },
    "processor": "atmega32u4",
    "url": "",
    "usb": {
        "device_version": "1.0.0",
        "pid": "0x414C",
        "vid": "0x514B"
    }
}
