{
    "manufacturer": "quark works",
    "keyboard_name": "QS-60-ARM-HS",
    "maintainer": "Armastardo",
    "diode_direction": "COL2ROW",
    "features": {
        "bootmagic": true,
        "command": false,
        "console": false,
        "extrakey": true,
        "mousekey": true,
        "nkro": true
    },
    "matrix_pins": {
        "cols": ["B13", "B9", "C15", "C14", "B2", "B1", "B0", "A7", "A6", "A5", "A4", "A3", "A2", "A1"],
        "rows": ["B8", "C13", "B12", "B10", "B11"]
    },
    "processor": "STM32F103",
    "usb": {
        "vid": "0x514B",
        "pid": "0x60AF",
        "device_version": "0.0.1"
    },
    "layouts": {
        "LAYOUT_all": {
            "layout": [
                { "matrix": [0, 0], "x": 0.0, "y": 0.0 },
                { "matrix": [0, 1], "x": 1.0, "y": 0.0 },
                { "matrix": [0, 2], "x": 2.0, "y": 0.0 },
                { "matrix": [0, 3], "x": 3.0, "y": 0.0 },
                { "matrix": [0, 4], "x": 4.0, "y": 0.0 },
                { "matrix": [0, 5], "x": 5.0, "y": 0.0 },
                { "matrix": [0, 6], "x": 6.0, "y": 0.0 },
                { "matrix": [0, 7], "x": 7.0, "y": 0.0 },
                { "matrix": [0, 8], "x": 8.0, "y": 0.0 },
                { "matrix": [0, 9], "x": 9.0, "y": 0.0 },
                { "matrix": [0, 10], "x": 10.0, "y": 0.0 },
                { "matrix": [0, 11], "x": 11.0, "y": 0.0 },
                { "matrix": [0, 12], "x": 12.0, "y": 0.0 },
                { "matrix": [0, 13], "x": 13.0, "y": 0.0 },
                { "matrix": [1, 13], "x": 14.0, "y": 0.0 },
                { "matrix": [1, 0], "w": 1.5, "x": 0.0, "y": 1.0 },
                { "matrix": [1, 1], "x": 1.5, "y": 1.0 },
                { "matrix": [1, 2], "x": 2.5, "y": 1.0 },
                { "matrix": [1, 3], "x": 3.5, "y": 1.0 },
                { "matrix": [1, 4], "x": 4.5, "y": 1.0 },
                { "matrix": [1, 5], "x": 5.5, "y": 1.0 },
                { "matrix": [1, 6], "x": 6.5, "y": 1.0 },
                { "matrix": [1, 7], "x": 7.5, "y": 1.0 },
                { "matrix": [1, 8], "x": 8.5, "y": 1.0 },
                { "matrix": [1, 9], "x": 9.5, "y": 1.0 },
                { "matrix": [1, 10], "x": 10.5, "y": 1.0 },
                { "matrix": [1, 11], "x": 11.5, "y": 1.0 },
                { "matrix": [1, 12], "x": 12.5, "y": 1.0 },
                { "matrix": [2, 12], "w": 1.5, "x": 13.5, "y": 1.0 },
                { "matrix": [2, 0], "w": 1.25, "x": 0.0, "y": 2.0 },
                { "matrix": [2, 1], "x": 1.75, "y": 2.0 },
                { "matrix": [2, 2], "x": 2.75, "y": 2.0 },
                { "matrix": [2, 3], "x": 3.75, "y": 2.0 },
                { "matrix": [2, 4], "x": 4.75, "y": 2.0 },
                { "matrix": [2, 5], "x": 5.75, "y": 2.0 },
                { "matrix": [2, 6], "x": 6.75, "y": 2.0 },
                { "matrix": [2, 7], "x": 7.75, "y": 2.0 },
                { "matrix": [2, 8], "x": 8.75, "y": 2.0 },
                { "matrix": [2, 9], "x": 9.75, "y": 2.0 },
                { "matrix": [2, 10], "x": 10.75, "y": 2.0 },
                { "matrix": [2, 11], "x": 11.75, "y": 2.0 },
                { "matrix": [2, 13], "w": 2.25, "x": 12.75, "y": 2.0 },
                { "matrix": [3, 0], "w": 2.25, "x": 0.0, "y": 3.0 },
                { "matrix": [3, 2], "x": 2.25, "y": 3.0 },
                { "matrix": [3, 3], "x": 3.25, "y": 3.0 },
                { "matrix": [3, 4], "x": 4.25, "y": 3.0 },
                { "matrix": [3, 5], "x": 5.25, "y": 3.0 },
                { "matrix": [3, 6], "x": 6.25, "y": 3.0 },
                { "matrix": [3, 7], "x": 7.25, "y": 3.0 },
                { "matrix": [3, 8], "x": 8.25, "y": 3.0 },
                { "matrix": [3, 9], "x": 9.25, "y": 3.0 },
                { "matrix": [3, 10], "x": 10.25, "y": 3.0 },
                { "matrix": [3, 11], "x": 11.25, "y": 3.0 },
                { "matrix": [3, 12], "w": 1.75, "x": 12.25, "y": 3.0 },
                { "matrix": [3, 13], "x": 14.0, "y": 3.0 },
                { "matrix": [4, 0], "w": 1.5, "x": 0.0, "y": 4.0 },
                { "matrix": [4, 1], "x": 1.5, "y": 4.0 },
                { "matrix": [4, 2], "w": 1.5, "x": 2.5, "y": 4.0 },
                { "matrix": [4, 7], "w": 7, "x": 4.0, "y": 4.0 },
                { "matrix": [4, 11], "w": 1.5, "x": 11.0, "y": 4.0 },
                { "matrix": [4, 12], "x": 12.5, "y": 4.0 },
                { "matrix": [4, 13], "w": 1.5, "x": 13.5, "y": 4.0 }
            ]
        }
    }
}